first_name,last_name,username,email,role
John,Smith,john.smith,john.smith@example.com,Scrum Master
Jane,Johnson,jane.johnson,jane.johnson@example.com,Scrum Master
Michael,Williams,michael.williams,michael.williams@example.com,Product Owner
Michelle,Jones,michelle.jones,michelle.jones@example.com,Product Owner
Chris,Brown,chris.brown,chris.brown@example.com,TeamMember
Christina,Davis,christina.davis,christina.davis@example.com,TeamMember
David,Miller,david.miller,david.miller@example.com,TeamMember
Danielle,Wilson,danielle.wilson,danielle.wilson@example.com,TeamMember
James,Moore,james.moore,james.moore@example.com,TeamMember
Jennifer,Taylor,jennifer.taylor,jennifer.taylor@example.com,TeamMember
William,Anderson,william.anderson,william.anderson@example.com,TeamMember
Sophia,Thomas,sophia.thomas,sophia.thomas@example.com,TeamMember
Oliver,Jackson,oliver.jackson,oliver.jackson@example.com,TeamMember
Emma,White,emma.white,emma.white@example.com,TeamMember
Benjamin,Harris,benjamin.harris,benjamin.harris@example.com,TeamMember
Isabella,Martin,isabella.martin,isabella.martin@example.com,TeamMember
Lucas,Thompson,lucas.thompson,lucas.thompson@example.com,TeamMember
Ava,Garcia,ava.garcia,ava.garcia@example.com,TeamMember
Mason,Martinez,mason.martinez,mason.martinez@example.com,TeamMember
Mia,Robinson,mia.robinson,mia.robinson@example.com,TeamMember
Ethan,Clark,ethan.clark,ethan.clark@example.com,TeamMember
Amelia,Rodriguez,amelia.rodriguez,amelia.rodriguez@example.com,TeamMember
Alexander,Lewis,alexander.lewis,alexander.lewis@example.com,TeamMember
Harper,Lee,harper.lee,harper.lee@example.com,TeamMember
Henry,Walker,henry.walker,henry.walker@example.com,Admin
Ella,Hall,ella.hall,ella.hall@example.com,Editor
Sebastian,Allen,sebastian.allen,sebastian.allen@example.com,Viewer
Elizabeth,Young,elizabeth.young,elizabeth.young@example.com,Viewer
Jack,Hernandez,jack.hernandez,jack.hernandez@example.com,Manager
Sofia,King,sofia.king,sofia.king@example.com,Manager
Owen,Wright,owen.wright,owen.wright@example.com,Contributor
Avery,Lopez,avery.lopez,avery.lopez@example.com,Contributor
Elijah,Hill,elijah.hill,elijah.hill@example.com,Developer
Scarlett,Scott,scarlett.scott,scarlett.scott@example.com,Developer
Liam,Green,liam.green,liam.green@example.com,Designer
Grace,Adams,grace.adams,grace.adams@example.com,Designer
Jackson,Baker,jackson.baker,jackson.baker@example.com,UI/UX
Lily,Gonzalez,lily.gonzalez,lily.gonzalez@example.com,UI/UX
Wyatt,Nelson,wyatt.nelson,wyatt.nelson@example.com,UI/UX
Zoey,Carter,zoey.carter,zoey.carter@example.com,UI/UX
Dylan,Mitchell,dylan.mitchell,dylan.mitchell@example.com,UI/UX
Hazel,Perez,hazel.perez,hazel.perez@example.com,System Architect
Caleb,Roberts,caleb.roberts,caleb.roberts@example.com,System Architect
Layla,Turner,layla.turner,layla.turner@example.com,System Architect
Luke,Phillips,luke.phillips,luke.phillips@example.com,System Architect
Riley,Campbell,riley.campbell,riley.campbell@example.com,System Architect
Matthew,Parker,matthew.parker,matthew.parker@example.com,Enterprise Architect
Nora,Evans,nora.evans,nora.evans@example.com,Enterprise Architect
Carter,Edwards,carter.edwards,carter.edwards@example.com,Enterprise Architect
Eleanor,Collins,eleanor.collins,eleanor.collins@example.com,Enterprise Architect
Isaac,Stewart,isaac.stewart,isaac.stewart@example.com,Enterprise Architect
Camila,Sanchez,camila.sanchez,camila.sanchez@example.com,Business Owner
Gabriel,Morris,gabriel.morris,gabriel.morris@example.com,Business Owner
Aria,Rogers,aria.rogers,aria.rogers@example.com,Business Owner
Jayden,Reed,jayden.reed,jayden.reed@example.com,Business Owner
Penelope,Cook,penelope.cook,penelope.cook@example.com,Business Owner
Leo,Morgan,leo.morgan,leo.morgan@example.com,Program Manager
Chloe,Bell,chloe.bell,chloe.bell@example.com,Program Manager
Levi,Murphy,levi.murphy,levi.murphy@example.com,Program Manager
Lillian,Bailey,lillian.bailey,lillian.bailey@example.com,Program Manager
Julian,Rivera,julian.rivera,julian.rivera@example.com,Program Manager
Addison,Cooper,addison.cooper,addison.cooper@example.com,Project Manager
Hudson,Richardson,hudson.richardson,hudson.richardson@example.com,Project Manager
Willow,Cox,willow.cox,willow.cox@example.com,Project Manager
Grayson,Howard,grayson.howard,grayson.howard@example.com,Project Manager
Lucy,Ward,lucy.ward,lucy.ward@example.com,Project Manager
Parker,Torres,parker.torres,parker.torres@example.com,Portfolio Manager
Savannah,Peterson,savannah.peterson,savannah.peterson@example.com,Portfolio Manager
Zachary,Gray,zachary.gray,zachary.gray@example.com,Portfolio Manager
Victoria,Ramirez,victoria.ramirez,victoria.ramirez@example.com,Portfolio Manager
Aaron,James,aaron.james,aaron.james@example.com,Portfolio Manager
Aubrey,Watson,aubrey.watson,aubrey.watson@example.com,Blog Admin
Miles,Brooks,miles.brooks,miles.brooks@example.com,Blog Admin
Hannah,Kelly,hannah.kelly,hannah.kelly@example.com,Blog Admin
Connor,Sanders,connor.sanders,connor.sanders@example.com,Blog Admin
Stella,Price,stella.price,stella.price@example.com,Blog Admin
Lincoln,Bennett,lincoln.bennett,lincoln.bennett@example.com,Blog Writer
Violet,Wood,violet.wood,violet.wood@example.com,Blog Writer
Ryan,Barnes,ryan.barnes,ryan.barnes@example.com,Blog Writer
Aurora,Ross,aurora.ross,aurora.ross@example.com,Blog Writer
Ezra,Henderson,ezra.henderson,ezra.henderson@example.com,Blog Writer
Paisley,Coleman,paisley.coleman,paisley.coleman@example.com,Blog Editor
Nathan,Jenkins,nathan.jenkins,nathan.jenkins@example.com,Blog Editor
Brooklyn,Perry,brooklyn.perry,brooklyn.perry@example.com,Blog Editor
Hunter,Powell,hunter.powell,hunter.powell@example.com,Blog Editor
Ellie,Long,ellie.long,ellie.long@example.com,Blog Editor
Joshua,Patterson,joshua.patterson,joshua.patterson@example.com,Blog Viewer
Samantha,Hughes,samantha.hughes,samantha.hughes@example.com,Blog Viewer
Cooper,Flores,cooper.flores,cooper.flores@example.com,Blog Viewer
Leah,Washington,leah.washington,leah.washington@example.com,Blog Viewer
Dominic,Butler,dominic.butler,dominic.butler@example.com,Blog Viewer
Ariana,Simmons,ariana.simmons,ariana.simmons@example.com,Site Admin
Isaiah,Foster,isaiah.foster,isaiah.foster@example.com,Org Admin
Allison,Gonzales,allison.gonzales,allison.gonzales@example.com,Project Admin
Andrew,Bryant,andrew.bryant,andrew.bryant@example.com,QA
Sarah,Alexander,sarah.alexander,sarah.alexander@example.com,QA
Adrian,Russell,adrian.russell,adrian.russell@example.com,Architect
Cora,Griffin,cora.griffin,cora.griffin@example.com,Architect
Eli,Diaz,eli.diaz,eli.diaz@example.com,DevOps
Madelyn,Hayes,madelyn.hayes,madelyn.hayes@example.com,DevOps
Joseph,Myers,joseph.myers,joseph.myers@example.com,Security
Luna,Ford,luna.ford,luna.ford@example.com,Security
Charlie,Hamilton,charlie.hamilton,charlie.hamilton@example.com,Business Analyst
Elena,Graham,elena.graham,elena.graham@example.com,Business Analyst
Robert,Sullivan,robert.sullivan,robert.sullivan@example.com,IT Engineer
Natalie,Wallace,natalie.wallace,natalie.wallace@example.com,IT Engineer
Samuel,Woods,samuel.woods,samuel.woods@example.com,Network Engineer
Maya,Cole,maya.cole,maya.cole@example.com,Network Engineer
Anthony,West,anthony.west,anthony.west@example.com,Tech Lead
Kinsley,Jordan,kinsley.jordan,kinsley.jordan@example.com,Tech Lead
Theo,Owens,theo.owens,theo.owens@example.com,Project Lead
Mila,Reynolds,mila.reynolds,mila.reynolds@example.com,Project Lead
